cohort,atom,conc_hit,conc_n,conc_pct,disc_hit,disc_n,disc_pct,fold,fisher_p
all_pairs,Thr203-CB,192,485,39.58762886597938,25,234,10.683760683760683,3.7054020618556702,9.702711700045387e-17
all_pairs,Ser205-OG,60,485,12.371134020618557,3,234,1.282051282051282,9.649484536082475,5.878648519711438e-08
all_pairs,Thr62-CG2,72,485,14.845360824742269,90,234,38.46153846153847,0.38597938144329896,5.508946418647004e-12
all_pairs,Tyr145-CE2,97,485,20.0,92,234,39.31623931623932,0.5086956521739131,7.468177074648699e-08
all_pairs,His148-ND1,54,485,11.134020618556702,50,234,21.367521367521366,0.5210721649484537,0.00041263524872057155
phenol_only,Thr203-CB,55,215,25.581395348837212,14,121,11.570247933884298,2.2109634551495017,0.001981907316873246
phenol_only,Ser205-OG,7,215,3.255813953488372,1,121,0.8264462809917356,3.93953488372093,0.2669101323323444
phenol_only,Thr62-CG2,33,215,15.348837209302326,50,121,41.32231404958678,0.3714418604651163,3.385379964879578e-07
phenol_only,Tyr145-CE2,52,215,24.186046511627907,36,121,29.75206611570248,0.8129198966408269,0.30145006305907207
phenol_only,His148-ND1,28,215,13.023255813953488,20,121,16.528925619834713,0.787906976744186,0.41793320360840924
